artist_id,artist_name,artist_country
AR00A6H1187FB5402A,The Meatmen,United States
AR00MBZ1187B9B5DB1,Memphis Minnie,United States
AR01IP11187B9AF5D2,Call To Preserve,United States
AR01VU31187B997DA0,Grand Funk,United States
AR01W2D1187FB5912F,3OH!3,United States
AR022JO1187B99587B,Ross,Indonesia
AR02YGA1187B9B8AC4,Bersuit Vergarabat,Argentina
AR035N21187FB3938E,BT,United States
AR03BDP1187FB5B324,Britney Spears,United States
AR048JZ1187B9AEB85,Yellowcard,United States
AR04KTB1187B99B6B7,The Disposable Heroes Of Hiphoprisy,United States
AR059HI1187B9A14D7,Roy Drusky,United States
AR05IU31187B9B9A1A,Alex Ubago,Spain
AR05KQA1187B9963B3,D'Molls,United States
AR05VW21187FB407B4,Fudge Tunnel,United Kingdom
AR061J011A348F060F,Ximena Sarinana,Mexico
AR06M3F1187FB38BED,Mississippi Fred McDowell,United States
AR06USW1187FB4EACA,The Lord Weird Slough Feg,United States
AR08DYV1187B99A0D7,Reach 454,United States
AR08NXW1187B99526D,Die Symphony,United States
AR0B1CH1187FB3A824,Charlie Rich,United States
AR0B3RS1187FB48F5D,Why?,United States
AR0B6VD1187B99C293,Uphill Battle,United States
AR0CANF1187B9AF35F,Dilated Peoples,United States
AR0G47L1187B98CC6D,Frank Chacksfield,United Kingdom
AR0IAWL1187B9A96D0,Danilo Perez,Panama
AR0ILWV1187FB47CAA,Mouth Of The Architect,United States
AR0IVSA1187FB4F069,Helmet,United States
AR0JEOI1187B98B918,Erik Berglund,United States
AR0JURX1187FB3C8FF,Illya Kuryaki And The Valderramas,United States
AR0KBXO1187B996460,Slipknot,United States
AR0LPDJ1187B9919F1,Derek Bell,United Kingdom
AR0LVFQ1187B9A84E0,Jason Miles,United States
AR0N0DX1187FB41327,The Master Musicians of Jajouka featuring Bachir Attar,United Kingdom
AR0N9BV1187FB3AD01,Gene Pitney,United States
AR0NKFJ1187B9AF1FF,Neil Innes,United Kingdom
AR0NQD81187FB3AD13,Gary Morris,United States
AR0O3AV1187FB4D030,Wayne Kramer,United States
AR0OEYB1187FB4A81E,Catherine Howe,United Kingdom
AR0PUK71187B9AC3C0,Marvin Hamlisch,United States
AR0QT3O1187FB56860,Ronnie Drew,Ireland
AR0RCMP1187FB3F427,Billie Jo Spears,United States
AR0S0EO1187FB490BE,Disco D,United States
AR0SZW11187B98C5E5,Beat Pharmacy,United States
AR0TZ7T1187B994E37,Dave Baby Cortez,United States
AR0U44O1187B99007C,Republica;Jonny Male;Dave Arch,United Kingdom
AR0V36F1187FB366B1,The Chieftains;Colin James,Ireland
AR0VIQV1187B9978F8,The Products,United States
AR0VR1O1187B9A0F1F,Truckfighters,Sweden
AR0VS771187B99564F,Rocky Hill,Germany
AR0VZWC1187B99BA57,The Berzerker,Australia
AR0WAW61187B98B7D7,Doug MacLeod,United States
AR0WQ1Q1187B992E16,Richard Smith,United States
AR0WV4Y1187B99B806,Rhian Benson,Ghana
AR0WXWU1187B9AB33F,The Red Telephone,United States
AR0XJ291187FB45855,Drexel,United States
AR0XSOO1187B9B9E88,Buzzcocks,United Kingdom
AR12MUW1187B9A5DF4,Ricardo Lemvo,United States
AR13CXU1187B9AD30A,The Clash,United Kingdom
AR14CJ91187FB3A994,Eddy Arnold,United States
AR1518Q1187B98A906,Poptart Monkeys,United States
AR15FQ11187FB36BE8,Chaka Demus & Pliers,Jamaica
AR15YLD1187FB3D4DD,John Tchicai,Denmark
AR16NGV1187FB5B8BC,Kruger,Switzerland
AR180PG1187B997BAE,Donnie Brooks,United States
AR190KO1187B9905EC,Sick Puppies,United States
AR19GQN1187FB3ACF5,The Bucketheads,United States
AR19SOA1187B98F6E6,Bob Neuwirth,United States
AR1ABAO1187FB531E1,Alice Cooper,United States
AR1BA6K1187B9A5656,Helen O'Connell,United States
AR1BZED1187FB4CDEE,Wendy Moten,United States
AR1CB5G1187B9AFB8E,Electric Light Orchestra,United Kingdom
AR1CD5Z1187B98F2C2,Pat Metheny,United States
AR1DC0611A348EFB30,Statues,Canada
AR1E4V11187B99F400,Telecast,United States
AR1GW0U1187B9B29FD,Prince With 94 East,United States
AR1GYND1187B9A9CD3,Diesel Boy,United States
AR1IY3B1187B98B384,Joanna Connor,United States
AR1J7881187B9959D8,First Blood,United States
AR1JD6E1187FB5696C,James Last,Germany
AR1JGQT1187FB56878,Jo-El Sonnier,United States
AR1N6N61187FB4E25E,Mongo Santamaria,Cuba
AR1NT3H1187B99F67B,Skrape,United States
AR1PCLK1187FB5BBFF,Angelo Badalamenti,United States
AR1PNWN1187FB4A404,El Gran Combo De Puerto Rico,United States
AR1Q25M1187B9B0D73,De La Soul / MF Doom,United States
AR1RHCO1187B9AF0BF,Vince Guaraldi Trio,United States
AR1RMYB1187FB5A59E,Incubus,United States
AR1RNCJ1187FB3D227,Fastball,United States
AR1S5O61187B9898AC,Chris Eaton,United States
AR1SFKQ1187B98AF13,Lauren Wood,United States
AR1SYBE1187B992798,Kira,Germany
AR1VB2W1187B9901C5,Rod Piazza & The Mighty Flyers,United States
AR1VWD91187FB4CE99,The Animals_ Sonny Boy Williamson,United Kingdom
AR1W3MA1187B99E6D8,Danny Wright,United States
AR1WC0X1187B991056,Jefferson Starship,United States
AR1WU211187FB57E2B,Terry Riley,United States
AR1XE381187FB4C685,Kane,United States
AR1XVTM1187B996D57,I Nuovi Angeli,United States
AR1XZ0N1187B9941D5,Noah Lewis,United States
AR1Y2PT1187FB5B9CE,John Wesley,United States
AR1Y37Q1187B9B66D2,Suicide,United States
AR1ZNJO1187B993E46,Cadet,United States
AR1ZZOW1187B99BA84,Bumblefoot,United States
AR20BO61187B9B880E,Patton Oswalt,United States
AR21YNH1187FB49649,Ms. Dynamite / Bounty Killer,United Kingdom
AR223M11187B9ADDD6,Marty Robbins,United States
AR22R8A1187FB46B9E,Shanadoo,Japan
AR23EC41187FB4805D,The American Boychoir,United States
AR23F7J1187B9A550F,Al Dexter,United States
AR243ZT1187B9A98D2,Otis Spann,United States
AR25LGJ1187B9B2492,Sir Douglas Quintet,United States
AR27XEH1187FB4EC83,Les Blaireaux,France
AR280881187B98BA28,YGGDRASIL,Sweden
AR2AGLK1187B9AAAD0,Year Long Disaster,United States
AR2B3VQ1187FB54129,Jeff Johnson,United States
AR2BG0R1187FB398C3,Dax Riggs,United States
AR2C9UQ1187B98E69F,Roy Roberts,United States
AR2CM6U1187B999EB7,Basic Channel,Germany
AR2DKN01187FB3AA39,Wesley Tuttle,United States
AR2EBRG1187B9B07C8,Old Man's Child,Kingdom of Norway
AR2FJV21187B98EBE3,Legacy Five,United States
AR2G8SU1187FB4A871,James Carter,United States
AR2G8UI1187FB3F33C,Barbara Fairchild,United States
AR2HFII1187FB378BC,Jaydee,United States
AR2J2WF1187FB46271,Francis Dunnery,United Kingdom
AR2JD2Z1187B998A90,Ethel Merman,United States
AR2K2CM1187B98D4F1,Fran Perea,Spain
AR2N0221187FB48FB8,David Robertson,Australia
AR2O3B51187B98CD94,Cece Winans,United States
AR2RVGR1187B9B3219,Robin Frederick,United States
AR2VJMU1187B9947AF,Donna Fargo,United States
AR2VROU1187FB532D7,The Tokens,United States
AR2XH7R1187B998D30,Renato Borghetti,Brazil
AR31D7E1187FB3BC62,Valient Thorr,United States
AR31G891187FB3892D,Laid Back,Denmark
AR336PG1187FB3DC6E,Oceansize,United Kingdom
AR358YS1187FB44A29,The Jordanaires,United States
AR35YUO1187B9AD83E,Wet Wet Wet,United Kingdom
AR36F9J1187FB406F1,Bombay Rockers,Denmark
AR37E341187B989A3E,Wilshire,United States
AR37K6O1187B9AD049,Savoy Brown,United Kingdom
AR37XMN1187B9AC408,Lighthouse Family,United Kingdom
AR392MV1187FB3C3FE,Connie Francis,United States
AR3AIEI1187B992D8D,Marilyn Horne / Wiener Opernorchester / Henry Lewis,United Kingdom
AR3C3C01187B98E800,Kai Winding,Denmark
AR3D0BI1187B98A11F,Gian Marco,Peru
AR3DCWS1187B9A4416,Cartel,United States
AR3DWG81187B98E3FA,Papoose,United States
AR3DYAD1187FB3964E,Chet Atkins,United States
AR3EABF1187B98AD35,Sophie Tucker,Russia
AR3EVEE1187B9994B7,Abijah,Jamaica
AR3GE071187B9A6D71,Johannes Linstead,Canada
AR3GYKU1187B996AB9,Jim Kweskin,United States
AR3J4WZ1187B9B17ED,Gall_ France,France
AR3JLWI1187FB37141,Darko,United States
AR3JMC51187B9AE49D,Backstreet Boys,United States
AR3KGPQ1187FB53C84,L7,United States
AR3L4P91187FB42189,Dann Huff,United States
AR3MSAN1187B98F06B,OutKast,United States
AR3N2H11187B98AFBA,Sivuca,Brazil
AR3NPVS1187FB5108F,Ministry of Sound,France
AR3O0021187B999BC8,Radio Moscow,United States
AR3O66A1187FB39519,Sinch,United States
AR3OS8N1187B9A5F87,deadboy & the Elephantmen,United States
AR3OYPP1187B9952E3,Humanzi,Ireland
AR3PN3R1187FB4CEBD,Horace Andy,Jamaica
AR3Q3QT1187FB396E7,Sanna Nielsen,Sweden
AR3QFYG1187B992B2E,Michelle Wright,Canada
AR3QRJ91187B98E4C2,Jacques Dutronc,France
AR3SEQM1187B98E9E8,Kix,United States
AR3TG3X1187FB4D577,Atari Teenage Riot,Germany
AR3UJPY1187FB5017B,Patience Dabany,United States
AR3YJMO11C8A42B348,Vulture Industries,Kingdom of Norway
AR41ESB1187FB360B1,Gloria,Bulgaria
AR43KFF1187B9B74B1,Little Freddie King,United States
AR45KNL1187B992E53,Dr. Elmo,United States
AR46CAD1187FB4D84B,Bad Religion,United States
AR47DOS1187B996105,Kellie Coffey,United States
AR47JEX1187B995D81,SUE THOMPSON,United States
AR47RVG1187B995CE7,D:Fuse,United States
AR49A9P1187FB3BBBF,Saigon Kick,United States
AR4ABL21187FB3913A,Richard Burton,United States
AR4AEIP1187FB4030A,Wamdue Project,United States
AR4C6V01187FB3BAF4,Moonspell,Portugal
AR4EQ231187B99368F,The Fray,United States
AR4FGSF1187FB528BE,Mat Kearney,United States
AR4G2AQ1187FB59D5B,Indica,Finland
AR4GJ3V1187FB4245B,Zapp,United States
AR4IWYN1187FB47DF6,Strata,United States
AR4IYQR1187B98F8F3,Off Broadway,United States
AR4K59J1187FB3759B,Soular,United States
AR4NREB1187B9AEDAC,Mink DeVille,United States
AR4O3MM1187FB3DF77,Gisselle,Puerto Rico
AR4OU721187FB4549D,Paramore,United States
AR4PCIG1187B98D07D,Ellen McIlwaine,United States
AR4PQ891187FB5CA9F,Dionne Warwick,United States
AR4R0741187FB39AF2,Bow Wow Wow,United Kingdom
AR4R1FL1187FB55C3B,Death From Above 1979,Brazil
AR4R84C1187FB3EC16,Shelly Manne,United States
AR4UJ7O1187B994010,Buddy Johnson,United States
AR4W2E01187FB416AC,Saga,Canada
AR4W9EZ1187B99282A,Kenny Neal,United States
AR4WS1U1187FB5B02E,Bobby Russell,United States
AR4YE5M1187B9934ED,The Cannanes,Australia
AR4YKRO1187B9B7829,The Red Jumpsuit Apparatus,United States
AR50Z881187B9BA197,Jack Sheldon,United States
AR52EZT1187B9900BF,Alicia Keys,United States
AR52QY11187B99FC59,Anthony Cruz,Jamaica
AR553M51187B98BCE7,Renee Rosnes,Canada
AR557N41187FB3E67F,Swallow The Sun,Finland
AR56CNM1187B99442A,Judas Iscariot,United States
AR56P361187B9AC4DB,Gary Moore,United Kingdom
AR56UY11187FB46D49,Lightnin' Slim,United States
AR573WK1187FB47167,The Balustrade Ensemble,United States
AR576O51187B990C30,Tampa Red,United States
AR58JT11187B9AF4CC,Carpenters,United States
AR58SJE1187B9A8E4C,J. B. Lenoir,United States
AR5995Z1187B9A112B,The Tarriers,United States
AR59C6A1187B9B2143,The Cat's Miaow,Australia
AR5BX3Y1187FB39E93,Slightly Stoopid,United States
AR5DXUU1187B9B0E42,Falco,Austria
AR5EQRI1187FB41287,Kuba,Latvia
AR5GMAV1187FB3A8F5,Chris Clark,United States
AR5J8N51187FB54ED9,Joe Heaney,United States
AR5KOSW1187FB35FF4,Elena,Czech Republic
AR5LZJD1187FB4C5E5,Britt Nicole,United States
AR5M35O1187B9A0D74,SOL,United States
AR5M3681187B998D11,Edwin Hawkins,United States
AR5M4GN1187FB3F2F6,Bruce Robison,United States
AR5MK521187B98E0B8,Heaven 17,United Kingdom
AR5N8VN1187FB37A4E,Soundgarden,United States
AR5O6W51187FB46984,SNAP!,Germany
AR5OQSV1187B9953AF,Eastmountainsouth,United States
AR5RVV91187B9A4238,Luisito Rosario,United States
AR5S26K1187B9A3141,Chantal Chamandy,Egypt
AR5TQ1T1187FB59492,Cornell Campbell,Jamaica
AR5WPYF1187B9B40DA,VHS Or Beta,United States
AR5ZGC11187FB417A3,Big Mountain,United States
AR5ZI3K1187FB38BE0,Jim Kweskin_ The Jug Band,United States
AR5ZJLK1187B9B3A8E,John D. Loudermilk,United States
AR5ZVJ91187B99083A,Soulwax,Belgium
AR5ZY7R1187B996302,The Continentals,United States
AR63RWN1187FB3E89A,Robert Lockwood_ Jr.,United States
AR64N1H1187B996199,Edgar Bori,Canada
AR68V7Z1187B9A2FCA,Polkaholix,Germany
AR695PK1187B996E35,The Jeremy Spencer Band,United Kingdom
AR69GPS1187B99E556,SUMO,United States
AR6BAYL1187B9AC66F,Al De Lory,United States
AR6BHP31187FB365E1,Sonny Terry,United States
AR6BUE51187B9B5D71,Markus,United States
AR6BUYW1187B98E221,Earl Hooker,United States
AR6C6VO1187FB4E267,Tora Tora,United States
AR6CFZ71187B99AE5B,He Is Legend,United States
AR6D5OM1187B993D9E,Rhinoceros,United Kingdom
AR6DGPH1187B998587,David Evans,United States
AR6FS351187B9892B7,Midge Ure,United Kingdom
AR6GJDZ1187B991E46,KALIMBA,Mexico
AR6GSIE1187B98C3C7,Ned Miller,United States
AR6HAZT1187FB4A3AA,Roy Buchanan,United States
AR6HEHH1187B9985F9,Russ Morgan,United States
AR6HLKR1187B9A735A,Stimulator,United States
AR6IJJ41187B98C872,Bobby Pulido,United States
AR6IRG41187B9A4D98,Ec8or,Germany
AR6J3X81187FB59A7B,Matisyahu,United States
AR6KNZ01187B9A35D1,Justo Almario,United States
AR6LOPL1187FB4DABE,Mirah,United States
AR6MUJ91187B99DAAA,Event Horizon,Mexico
AR6OTKA1187B9B6697,32 Leaves,United States
AR6QQY41187B990574,Danny Wilson,United Kingdom
AR6RG8J1187B9A815C,The Frantic,United Kingdom
AR6RXJD1187B9B8B23,Grace Gale,United States
AR6TD9K1187B9A207D,Sister Rosetta Tharpe,United States
AR6TKMQ1187B9ACEDA,Barry Mann,United States
AR6TZJQ1187B9AD572,Pierre Boulez,France
AR6UQ8H1187B99DA9E,Chacho,United States
AR6UVLC1187B9B4D4C,Suzi Quatro,United States
AR6W5MS1187FB3BF47,Little Feat,United States
AR6WICD1187B998708,Christian McBride,United States
AR6XZ861187FB4CECD,The Beatles,United Kingdom
AR6Y8JF1187B9BA1D5,Jimmy Witherspoon,United States
AR7358P1187B9B6880,Lexi,United States
AR74W1A1187FB5ACFC,Devanic,Austria
AR76YOD1187FB46B24,Joshua Rifkin,United States
AR77B521187FB4CC70,Lennie Tristano,United States
AR77FBJ1187FB49D8D,Rance Allen Group,United States
AR78WG01187B98E404,Johnny Pacheco,Dominican Republic
AR78ZID1187B9B31ED,Mikey Dread,Jamaica
AR7AOEJ1187FB3D279,Little Milton,United States
AR7BMMV1187FB5B2D7,Robben Ford,United States
AR7BPLI1187FB4A306,Anthony Blea Y Su Charanga,United States
AR7CKG21187B9AD40F,Tijuana Hercules,United States
AR7EF9H1187FB4D8A3,Rod Bernard,United States
AR7EL201187B9B85D9,Henry Lee Summer,United States
AR7FDIB1187B99AC5F,The Equals,United Kingdom
AR7G0NH1187FB42E47,Gus Cannon,United States
AR7GOK91187FB455F5,Jean-Jacques Goldman,France
AR7GUNF1187B990CCF,Between The Buried And Me,United States
AR7ISJJ1187B9B2CD6,Danny Barnes,United States
AR7IYVY1187B9A2648,bel canto,Kingdom of Norway
AR7JPF81187B988D23,Charlie McCoy,United States
AR7KKE01187FB3D87B,Russell Malone,United States
AR7MNIX1187B9A2A68,Tyrone Wells,United States
AR7N7MI1187FB46935,Sade,Nigeria
AR7OCK81187B98D1F1,Debbie Davies,United States
AR7OEB71187B995A17,Henri Pousseur,Belgium
AR7Q6QB1187B98A864,Amilcar,United States
AR7QAHN1187FB35F8B,Groucho Marx,United States
AR7S48C1187B99711E,Zuzu Bollin,United States
AR7SF1N1187B9A91D1,John Berry,United States
AR7TTCH1187FB3F95C,Leon Russel,United States
AR7TTS41187B9B42D3,R.L. Burnside,United States
AR7UBXR1187B9AA0FB,Musical Youth,United Kingdom
AR7V3VQ1187B9A08AA,At All Cost,United States
AR7W7Z01187B998286,Dark new Day,United States
AR7XU1L1187B98D481,DMZ,United States
AR80BY41187B98DECF,Albert King,United States
AR80OOA1187B98E726,Love Jones,United States
AR80YG31187FB58A13,The Bronx Horns,United States
AR82DJK1187B991107,The Pharcyde / Big Boy / Schmooche Cat / Randy Mack,United States
AR82GTS1187FB5662F,Mary Black,Ireland
AR8360R1187FB47C18,Cass Fox,United Kingdom
AR84AQE1187B98AD9C,Washboard Sam,United States
AR84BEJ1187FB58F65,David Raksin,United States
AR858UO1187FB437B4,Precious Bryant,United States
AR85E3Q1187B997BCA,Benny Spellman,United States
AR86QIW1187B9AD8F0,Clarence Fountain,United States
AR88F5X1187FB3EA17,Loretta Lynn,United States
AR89DTT1187B9A7ED5,Suzanne Ciani,United States
AR8ANXA1187B98BFC3,Hellsongs,Sweden
AR8AZTM1187FB3FB9C,Julio Iglesias Jr.,Spain
AR8BMEQ1187B9B4214,Pumpkin Buzzard,United States
AR8CT8U1187FB4D803,Dexys Midnight Runners,United Kingdom
AR8FMEN1187FB4A657,Lizzy Borden,United States
AR8GEH21187FB4F83E,6CycleMind,Philippines
AR8H87D1187FB3A841,Glen Campbell,United States
AR8HQBB1187B99F7BB,Shai Hulud,United States
AR8I87E1187FB57E2E,Andrae Crouch,United States
AR8ICFK1187FB5A3A0,Rance Allen Group,United States
AR8IS591187B9981AE,Elton Britt,United States
AR8J32V1187FB4F874,Dimitri Tiomkin,Ukraine
AR8K6F31187B99C2BC,Go Fish,United States
AR8L3QV1187FB4C0BB,Bruno Sanfilippo,Argentina
AR8LD3R1187FB4D08F,C.C. Adcock,United States
AR8M6LC1187B998D48,Motograter,United States
AR8PL5L1187FB37A10,A Perfect Murder,United States
AR8Q4RZ1187FB46BDC,T-Bone Walker,United States
AR8RXRI1187FB4104B,The Roots,United States
AR8SBT41187B9A5FD9,Total Fucking Destruction,United States
AR8SRQ31187FB4D477,Ten Years After,United Kingdom
AR8UA7Z1187B9AD9C9,Étienne Daho,France
AR8V1WA1187B9AD9E9,The White Stripes,United States
AR8W8DN1187FB35ED0,The Germs,United States
AR8WHEJ1187B98CDCA,Dee Clark,United States
AR8XG9J1187FB418C1,Jerry Butler,United States
AR8YUQT1187FB531D0,Montrose,United States
AR8YV1I1187FB45D2B,Rory Block,United States
AR8ZTV41187FB3F311,James Scott Skinner,United Kingdom
AR90X8J1187B995250,Caramell,Sweden
AR91C8S1187B990901,Bruce Springsteen,United States
AR91DZT1187FB4C599,Frost,United Kingdom
AR91GW21187FB4F642,Roger Miller,United States
AR93D4D1187FB3ACAD,J.J. Cale,United States
AR93K7R1187B9AC92A,Black Debbath,Kingdom of Norway
AR93RTI1187B98ECFB,Mance Lipscomb,United States
AR93WAA1187FB42116,Cassie,United States
AR95F611187B99CE1C,Anita Kerr,United States
AR95QS71187FB3F49A,Joi,United States
AR9788H1187B9A05D1,Outerspace,United States
AR97EHA1187B98AD5F,Blind Blake & The Royal Victoria Hotel Calypsos,United States
AR99OWM11C8A4149FD,Arco Iris,Switzerland
AR9AM2N1187B9AD2F1,Inspiral Carpets,United Kingdom
AR9AN471187B99E0DA,Scott Wesley Brown,United States
AR9DO2O1187FB53637,ColdWorld,Germany
AR9EZGO1187B9A401F,Jan Howard,United States
AR9G2A41187B99951A,Las Niñas,Canada
AR9ILJF1187B9B80ED,Gabriel Yared,Lebanon
AR9JLBU1187B9AAEC4,Danny Williams,South Africa
AR9K6SJ1187B989A32,Cassius Clay,United States
AR9KWJK1187FB4A531,Willie Rosario,Puerto Rico
AR9LJ9D1187FB4303D,Sean Kingston,Jamaica
AR9LT7R1187FB4543A,Darden Smith,United States
AR9M9XY1187B98B2F8,Abbott & Chambers,Egypt
AR9N3N31187B9B87CC,Hunters,United Kingdom
AR9NA5G1187B98F460,The Raconteurs,United States
AR9O0LF1187B99D0D1,Aisha Duo,United States
AR9O98A1187FB39621,The Strokes,United States
AR9OLFX1187B9A5762,Bob Wills,United States
AR9OTFC11C8A415220,D.A.D.,Denmark
AR9RTS51187B996CC8,John Legend [feat. Buju Banton],United States
AR9ST641187B99B4DE,Cal Tjader,United States
AR9SU0S1187FB53D0F,Easy Star All-Stars,United States
AR9VEMN1187FB4D75B,Caspa,United Kingdom
AR9VI9M1187FB410CC,To My Surprise,United States
AR9YQN31187FB45B34,James Darren,United States
ARA0JEL1187B998FA3,Dub Wiser,Canada
ARA0YAE1187B9B1D16,John Brown,United States
ARA26TC1187B9B8505,Bukue One,United States
ARA2CR31187FB36A39,The Kitchen,Canada
ARA2ZTN1187B98E3ED,This Moment,United States
ARA65601187FB57BD9,Roger Sanchez,United States
ARA6QLT1187FB4CB89,Dan Hicks,United States
ARA7EEC1187FB4C392,Snowgoons,Germany
ARA7WV51187FB532B0,GG Allin,United States
ARA82JG1187FB36131,Charlie Haden & Chris Anderson,United States
ARA8O8L1187B9AD61D,Professor Longhair,United States
ARAAP251187B99DDE0,Guaco,Venezuela
ARADC5W1187B993322,Dottie Rambo_ The Whites,United States
ARAG1DX1187B98BB10,Ben Sidran,United States
ARAH4TU1187FB51D28,Bill Laswell,United States
ARAHILU122988FD7D1,Mind Furniture,United States
ARAJ5XN1187B9B578B,Jimmy Johnson,United States
ARAJPHH1187FB5566A,The Shangri-Las,United States
ARAK3HK1187FB51B38,The Stems,Australia
ARAKARO1187B9A1EB6,George Michael,United Kingdom
ARAKX8D1187B98CCE2,Bob Cheevers,United States
ARALEAC1187B9902A8,Rubyhorse,Ireland
ARALP6I1187B989E27,The Shirelles,United States
ARALUUG1187FB58696,Irma Thomas,United States
ARAOADX1187B98AED3,Dwight Twilley,United States
ARAOPEF1187B995099,Percy Mayfield,United States
ARAPI451187B9B6E6F,John Michael Talbot,United States
ARAPLFD1187B98DABD,Robin Fox,United States
ARAQOK81187B98DD4A,Ginny Owens,United States
ARASJQK1187FB5B9D1,Buddy Jewell,United States
ARASSX21187FB528B7,Bizarre Inc,United Kingdom
ARASWKT1187B9923B7,Felix Slatkin/Concert Arts Symphonic Band,United States
ARASYMJ1187B9ACAF2,Whitesnake,United Kingdom
ARAU2Q51187FB50D4C,Smiley,United States
ARAVPU21187B993957,Don & Juan,United States
ARAVWPR1187FB4736D,Mac Dre,Colombia
ARAWBUP1187B9B93FC,Casey Bill Weldon,United States
ARB054P1187B9AD32E,Santana,United States
ARB0T441187FB3B064,Grachan Moncur III,United States
ARB1LM61187FB4DDF4,Leroy Van Dyke,United States
ARB29H41187B98F0EF,Terry Callier,United States
ARB2M051187FB56FA9,The Sugarhill Gang,United States
ARB336A1187B9A4583,The MC5,United States
ARB6OGR1187FB4D43D,M83,France
ARB8KZ11187B9A21ED,Steve Harvey,United States
ARB9WJ11187B98BF17,Steve Smith,United States
ARBAW9R1187B98FB6B,Natasha Bedingfield,United Kingdom
ARBBFSA122ECCBD070,089 Clique feat. Minnesota Snipe & Skinny Cueball,Germany
ARBD4QW1187FB42153,Scar Symmetry,Sweden
ARBE9XH1187B9A826F,Joell Ortiz,United States
ARBFCK11187FB4C89B,Brian Eno And David Byrne,United States
ARBFDJW1187B9AD27A,The Fabulous Thunderbirds,United States
ARBGXIG122988F409D,Steel Rain,United States
ARBJC9U1187B9A70AC,Kitty Kallen,United States
ARBJI5N1187FB400D0,Jay & The Americans,United States
ARBKUS51187B98A3AC,Howard Armstrong,United States
ARBLIP81187B98BE0C,Judy Mowatt,Jamaica
ARBM57Q1187B9AF97C,James Horner,United States
ARBNXYA1187FB51C50,Daddy Yankee / Bounty Killer,Puerto Rico
ARBOG0H1187B99F775,MxPx,United States
ARBQPXY1187B98D67B,Kris Kristofferson,United States
ARBR7II1187B9B821E,The Flesh,United States
ARBU6D71187B9B5319,Clarence Gatemouth Brown,United States
ARBUHDB1187FB3E72C,Bobby Vee,United States
ARBUOMY1187B99F2EB,Messy Marv featuring Clover Geez,United States
ARBV2AK1187FB5BA33,Len Barry,United States
ARBWFER11C8A42BA94,The Weegs,United States
ARBYFR71187B99A2A4,Sam Baker,United States
ARBZAIL1187FB5B1C8,Bob Margolin,United States
ARC0MTS1187FB44C21,Toots Thielemans,Belgium
ARC15471187FB4640C,Hurricane,United States
ARC18161187FB4CF4B,Amil,United States
ARC2BFH1187B98F3C8,Pete Miser,United States
ARC3EZO1187B9B9314,Angels,Australia
ARC3JTL1187FB4A1CE,Hawkshaw Hawkins,United States
ARC4O5Z1187B9AE91F,Klimperei,France
ARC6UC81187B989062,Hem,United States
ARC7C241187B990F7F,Becoming The Archetype,United States
ARC95UW1187B9B9A62,Speech,United States
ARCBYJW1187FB51FD8,Major Lance,United States
ARCDCFY122ECCBCC6A,Proficy,United States
ARCDQRB11F4C844880,G.G. Allin,United States
ARCDXI51187FB57A2E,Goose,United States
ARCEEC91187B9AC4FB,Alexander O'Neal,United States
ARCEOW71187B9A5A71,B.A.D.,United Kingdom
ARCF2WB1187FB54132,Lightforce,Australia
ARCH7RE1187FB5B1B9,Red Stick Ramblers,United States
ARCHKD91187B9A0A42,The Ronettes,United States
ARCHVKD1187B9934E9,Bill Perkins,United States
ARCICZN11EB9C810B3,Rising Lion,United States
ARCII0J1187FB3A1B4,The Marx Brothers,United States
ARCIXWX1187FB4F1DF,3 Way Funk,United States
ARCK6OL1187B99B25F,Alas,United States
ARCLCFS1187B9AE476,Laurindo Almeida / Carlos Barbosa-Lima / Charlie Byrd,Brazil
ARCLJQZ11E2835CE37,Alvin Youngblood Hart,United States
ARCLLH11187FB48DE0,Jimmie Vaughan,United States
ARCP8YG1187B997D72,Claire Hamill,United Kingdom
ARCP94M1187B9B0F56,Every Time I Die,United States
ARCPN4U1187B9A94B7,Freakhouse,United States
ARCPY7O1187FB5C0B7,RIDDLIN' KIDS,United States
ARCQCYR1187B99367F,Jonathan Edwards / Will Ferrell,United States
ARCQQ3S1187B9A6D98,DJ Primo,United States
ARCSHVZ11C8A41575B,Take It Back!,United States
ARCW5RB1187FB4383F,Jessie Lee Miller,United States
ARCZ20M1187FB49687,Tony Joe White,United States
ARCZN5K1187FB42CF8,Joe Lopez,United States
ARD0FN11187B9B25CD,Bobby Darin,United States
ARD2F1Z1187FB3D27E,Carlton Livingston,Jamaica
ARD2HR71187B99548F,Jimmy Hughes,United States
ARD4LQ61187FB470F1,Little Willie John,United States
ARD5K161187B9AC784,Orbital,United Kingdom
ARD5SR21187B9B5F4A,Irwin Goodman,Finland
ARD6L7O1187B995ADA,Dave Valentin,United Kingdom
ARD7U0O1187FB5531A,Andre Verchuren,France
ARD842G1187B997376,Blue Rodeo,Canada
ARD94MR11C8A42B029,Richie McDonald,United States
ARD9THI1187B98EAD0,Larissa,United States
ARDBSFT1187B9AC9C1,Fountains Of Wayne,United States
ARDC3571187B9988E1,Nu Flavor,United States
ARDCKVJ1187FB54D1F,Syl Johnson,United States
ARDCQM61187B9951CE,Sneaky Sound System,Australia
ARDD9UN1187B98D3A7,Sonny Simmons,United States
ARDDWUI1187FB379F7,Amoral,Finland
ARDE52X1187FB438CD,Billy Pilgrim,United States
ARDE7I31187FB43352,Gonzalo Rubalcaba,Cuba
ARDF6RM1187FB5A409,Martin Denny,United States
ARDFZE61187FB45994,Jake Hess,United States
ARDG6IY1187B9AAE87,Mothers Pride,Switzerland
ARDG9Z71187B997023,Public Image Ltd,United Kingdom
ARDGB6U1187FB3AD07,Eurythmics,United Kingdom
ARDHKHJ1187B9B62EA,Steve Wilson,United States
ARDHWW41187B9A86B0,Paris_ Texas,United States
ARDINVM1187B98A6C1,Marc Lavoine,France
ARDIP5S1187FB57056,Diamond D,United States
ARDK0551187FB5AC48,Blind Willie Johnson,United States
ARDK5LC1187B9AB681,Bobby Bland,United States
ARDK6QW1187B9B8D85,UK Subs,United Kingdom
ARDKSWK1187B99092B,Stan,United Kingdom
ARDL6T21187FB36FDD,C.J. Chenier,United States
ARDM8331187B9B947E,Pedro Aznar,Argentina
ARDMKKB1187B9A0EDA,Très,United States
ARDMPZU1187B99A472,Light Of The World,United Kingdom
ARDNBQU1187B9B6DC2,Kieran,United States
ARDNQ0R1187B9BA1EF,Lonnie Johnson,United States
ARDNS031187B9924F0,Tim Wilson,United States
ARDP3WW1187FB3D28C,Sue Foley,Canada
ARDPFGP1187B98A58A,Concretes,Sweden
ARDPTGD1187B9AD361,Brand X,United States
ARDPZFB1187B9A91C3,Gisele MacKenzie,Canada
ARDQ9AP1187B9BA3F6,Killswitch Engage,United States
ARDTECS1187FB538C0,Symphony in Peril,United States
ARDUWD61187FB58F58,Alphonse Mouzon,United States
ARDW5AW1187FB55708,Shawn Colvin,United States
ARDXWVZ1187B9B52F1,Michael Whalen,United States
ARDY3451187B9A0226,Skeeter Davis,United States
ARDYMTV122ECCBC383,Samba Mapangala and Orchestra Virunga,Kenya
ARDZQ5U1187B9ADEAE,John Fogerty,United States
ARE0OLY1187B9AD19F,Jesse Malin and The St. Marks Social,United States
ARE0X5X1187B993A86,Midwest Product,United States
ARE13NK1187FB4CF92,Alternative TV,United Kingdom
ARE17W51187FB5381B,Rui Da Silva,United Kingdom
ARE1N571187B98A47D,Prozak,United Kingdom
ARE26EG1187B990AEF,Sunscreem,United Kingdom
ARE2QID1187B98FA19,Sleepy John Estes,United States
ARE36MM1187B991E50,Blind Lemon Jefferson,United States
ARE5OK11187FB450F1,Viktor Krauss,United States
ARE7AY71187FB53D26,Play,Sweden
ARE815V1187B998A43,T-la Rock,United States
ARE8LV21187B9B9A6B,Shifty,United States
ARE8V001187B994A56,Guy Forsyth,United States
ARE9SYU1187B9B9838,Jerry Reed,United States
AREB9421187FB458EF,Tommy Overstreet,United States
AREEMIN11F4C848971,Gil Semedo,The Netherlands
AREENKN1187B98F35D,Plasmatics,United States
AREJXK41187B9A4ACC,Raphael,France
AREKO1L1187B997EFE,The Radio Dept,Sweden
AREKZKE11F50C4A7D8,Rocker-T,United States
ARELA4P1187B991507,Charles Williams,United States
ARELMNO1187FB52929,Bottom Of The Hudson,United States
ARELVCU1187B98F3E5,Serpentine,Switzerland
AREMHJX1187FB41DAB,DJ Vix,United Kingdom
AREN9121187B99D57A,Elvira,United States
ARENXFQ1187B996F17,Ram Squad,United States
AREOGMA1187B9908EF,Hot Tuna,United States
AREOREU1187B99AACD,Rhian Sheehan,New Zealand
AREQ9AY1187FB40E19,Spitfire,Greece
AREU6JB1187B9911D4,Virtuoso,United States
AREUIRT11F4C8408E6,Peter Spence,United Kingdom
AREUMQS1187FB3AC8F,Fabri Fibra,Italy
AREUUVW1187B99A697,Paul Stanley,United States
AREV0ZO1187B997221,Doyle Bramhall,United States
AREVNQH1187B98FDDB,Peter Gallagher,Ireland
AREVWGE1187B9B890A,Bitter End,Brazil
AREW0021187B9AF8F9,Giuseppi Logan,United States
AREW7CO1187B9A1B0D,Onesidezero,United States
AREWQSE1187B9AEC6C,The Jackson Southernaires,United States
AREXM411187FB560C4,We Five,United States
AREXX3T1187B989950,Scott Krippayne,United States
AREY3RN1187B993C5F,Goatwhore,United States
AREZBYP122C86758CC,Rusted Shut,United States
AREZMPH11F4C83B364,Everly Brothers,United States
AREZWC61187FB52DCF,Johnny Nash,United States
ARF0COO1187B99B9EF,Cauterize,United States
ARF1FZV1187B98C928,Tiny Bradshaw,United States
ARF1Q9B1187B9ADCC7,Lit,United States
ARF2EHS1187B994F4E,Kings Of Leon,United States
ARF3FRP1187B9A77BF,Groupa,Sweden
ARF3L8J1187B9B7866,Astarte,Greece
ARF3XJD1187FB38DE0,Cristy Lane,United States
ARF4V431187FB3AA41,Slim Whitman,United States
ARF84A41187B9A34E7,Rancid,United States
ARF88UQ1187FB5A3E9,Jay Tee & Baby Bash,United States
ARF9BNW1187FB3F54B,Dottie West,United States
ARF9N341187B9B9BFB,Recluse,United States
ARFCUN31187B9AD578,The Rolling Stones,United Kingdom
ARFEAZE1187B99A080,Swim,Italy
ARFEV5S1187B99F2EA,Aeoliah,Canada
ARFFDZU1187FB50682,Alan Silvestri,United States
ARFG66D1187FB536B6,Junior M. A. F. I. A.,United States
ARFH6FT1187FB5BF47,T.O.K.,United States
ARFJD5L1187B9A30BA,Los Van Van,Cuba
ARFK98R1187B9B0552,Pursuit Of Happiness,Canada
ARFKY7F1187FB3EFAC,Axe,United Kingdom
ARFKYG51187FB4CE41,April Wine,Canada
ARFLD291187B9966AA,Damita Jo,United States
ARFN2TE11A348EFFB4,David Cook,United States
ARFN3YG1187B9AD9F1,Skyforger,Latvia
ARFN4JN1187B98C627,Bedrock,Namibia
ARFNJ4O1187B9A204B,Broadcast,United Kingdom
ARFQ3191187B98AD2E,Marion Harris,United States
ARFQWAA1187FB3BACB,Julissa,United States
ARFRKCM1187B99A041,Jamie Richards,United States
ARFS01P1187B9A395A,Leland Martin,United States
ARFTMGO1187B9A777A,Percy Faith,Canada
ARFUSID1241B9C9462,Daniela Dessì,Italy
ARFVYJI1187B9B8E13,Pearl Jam,United States
ARFXRHR1187B98FF09,Bo Carter,United States
ARG03XQ1187B99A494,Dobby Dobson,United States
ARG09R51187FB4D5C2,Bryan White,United States
ARG1FA61187B994921,Bobby Marchan,United States
ARG36WO1187B9B3A9A,Jeff Talmadge,Canada
ARG4K2W1187B99EA5D,Charles Aznavour,United States
ARG53231187FB3982D,The Starting Line,United States
ARG99CA1187FB3D09A,2XL,United States
ARG9CID1187B9AB010,Taking Back Sunday,United States
ARG9E8O1187B99AB4F,Bury Your Dead,United States
ARGBR4I1187B99D073,Mudhoney,United States
ARGC7FQ1187FB409CC,Stew,United States
ARGCFSQ122988F7D0B,Buckeye Politicians,United States
ARGCY1Y1187B9A4FA5,Gloriana,United States
ARGE4J31187B9B41EE,Sofia Karlsson,Sweden
ARGEKDX1187FB3A5BF,Marcus Miller,United States
ARGFFA01187B9A2D11,Pennywise,United States
ARGH53H1187B9A5511,Cliff Bruner,United States
ARGHPIE1187FB3CCDF,Fenton Robinson,United States
ARGHV4C1187B995847,The Mustangs,United States
ARGIABO1187FB4B3B5,Ronnie Milsap,United States
ARGJ0911187FB4613F,Maria Muldaur,United States
ARGK9MB1187FB37402,MIMS,United States
ARGKD4W1187B990E04,Brenda Lee,United States
ARGKWSI11F50C488CC,Smidi Beats,United States
ARGLOWN1187B99C06D,North Mississippi Allstars,United States
ARGMCPU1241B9C4C34,Scott Ainslie,United States
ARGMXQW1187FB54C34,Eliane Elias,Brazil
ARGNZOL1187FB5CE7C,Fernando Ortega,United States
ARGOLWM1187B98CEDE,Commissioned,United States
ARGP3GD1187B999801,Tony Martin,United States
ARGPFYP1187B98F5CB,The Highwaymen,United States
ARGQANQ11F50C4769E,Y&T,United States
ARGR7431187FB3F3FB,Jacques Higelin,France
ARGS67J1187FB3FC1A,Righteous Brothers,United States
ARGSJW91187B9B1D6B,JennyAnyKind,United States
ARGSJXS1187B994788,Big Dee Irwin,United States
ARGUACZ1187FB3F35C,Connie Smith,United States
ARGV2PR1187B9AD702,Cecilia Bartoli / International Chamber Soloists / Orchestra La Scintilla / Adam Fischer,Italy
ARGWFMR1187B98D0E7,Cómplices,Brazil
ARGXNS21187B999665,Tina Britt,United States
ARGY96L1187FB410ED,Jimmy McGriff,United States
ARGYPFI1187FB3D997,La 5A Estacion,Kingdom of Norway
ARH0Z131187B9B69E9,Kool Moe Dee,United States
ARH0ZIQ1187B99EC94,Cotton Candy,United States
ARH24021187FB4DEA1,Black Messiah,Germany
ARH3TXI1187FB3A486,Kathy Troccoli,United States
ARH42KA11C8A416880,Peloton,United States
ARH4Z031187B9A71F2,Faye Adams,United States
ARH6S8I1187B9893FB,The Allies,United States
ARH8VT91187FB49CA2,The Exciters,France
ARH9NBO1187FB43904,David Taylor,United States
ARHB1961187B9B1732,Kofi,United States
ARHBV1W1187B9B496C,Rachel Loy,United States
ARHCHE61187B9AB217,Harry Choates,United States
ARHCUCR1187B98F589,Geoff Muldaur,Brazil
ARHG53Q1187B9ACBFC,Alias,United States
ARHI20L1187FB4C997,Jeff Beck,United Kingdom
ARHIC3Q1187B9B1773,Big Daddy Kane,United States
ARHJJ771187FB5B581,Screaming Lord Sutch,United Kingdom
ARHK7A51187FB411D8,Roy Rogers,United States
ARHKOPH11F919A768B,Coffinberry,United States
ARHL8SP1187B98F8A3,Sick Of It All,United States
ARHNMEZ11F50C4706C,Karen Peck And New River,United States
ARHOCA51187FB39213,Laura Leon,United States
ARHONG11187FB3B120,L.A. Guns,United States
ARHP6H31187FB4A38C,DJ Icey,United States
ARHPDQM1187FB3C318,Albert Collins,United States
ARHRKTK1187B99E1D5,Jackie Wilson,United States
ARHRP6Q1187FB3F016,Buzzhorn,United States
ARHRY5S1187B99B96F,Static-X,United States
ARHSAFX1187B98E89A,Brian Keane,United States
ARHSAXP11EB9C80B35,Stewart Francke,United States
ARHSNFO1187B993B7C,Grant And Wilson,United States
ARHT0B11187B993CB3,Eddy Raven,United States
ARHTP2H1187B9A9A7F,Migraine,United States
ARHUQUF1187FB382E6,T-Bone,South Africa
ARHWO3N1187B98F196,Eugene McDaniels,United States
ARHXIOW1187FB3AF67,The Mad Capsule Markets,Japan
ARHYYNT1187B9A3AB8,Hiram Bullock,Japan
ARHZCG01187B99E4DE,Stanley Clarke,United States
ARI0PUX1187FB3F215,Maxi Priest,United Kingdom
ARI2JSK1187FB496EF,Nick Ingman;Gavyn Wright,United Kingdom
ARI3BMM1187FB4255E,Alice Stuart,United States
ARI3GKM1187B9B7837,The Dylans,United Kingdom
ARI4RPW1187B9B862D,Hermeto Pascoal,Brazil
ARI4S0E1187B9B06C0,David Arkenstone,United States
ARI6NMB1187FB3FE1E,Jaime Jamgochian,United States
ARI88U61187FB41C60,Billy Walker,United States
ARIA09I1187B9A6D6E,Sportsguitar,Switzerland
ARIBU2J1187FB5B09F,Tarheel Slim,United States
ARID33C1187FB4610A,David Rose,United States
ARIDQH31187B9ACB84,BMX Bandits,United Kingdom
ARIF3EV1187B9B8522,Paul Taylor / Terry Dexter,United States
ARIF6IS1187B98FDEB,Primordial,Ireland
ARIFK6X1187B9ADA44,Will Ackerman,Germany
ARIG6O41187B988BDD,Richard Souther,United States
ARIHI8H1187B9B0058,Jackie Edwards,Jamaica
ARIHWZG11F50C50E1C,Vivian Khor,United States
ARIIEQL1187FB5CE68,Buddy Miles,United States
ARIIXHS11F50C48D0D,Agency 1.9.9.4,United States
ARIN12F1187FB3E92C,Grant Geissman,United States
ARIQ7ZV1187B9916C6,Loop Guru,United Kingdom
ARIQD5J1187B98D8DC,Kerson,United States
ARIR1PS1187B9AFFFA,Omni,United States
ARIRD6J1187FB5A98C,Sugar Minott,Jamaica
ARIS3CU1187B9B9423,REX ALLEN JR.,United States
ARIT9Y51187FB364AE,The Irish Rovers,Canada
ARIUHYM1187B9AEAE4,Ultimate Fakebook,United States
ARIW1BH1187FB4C94A,Architecture In Helsinki,Australia
ARIZODP1187B9AD272,Bryan Ferry,United Kingdom
ARJ1OYE1187B9ACC2D,Ebba Forsberg,Sweden
ARJ1W5M1187FB458F3,Sweet,United Kingdom
ARJ1YJV1187B9955DA,Crucial Conflict,United States
ARJ3DXR1187FB4F879,Dirty Harry,United States
ARJ3TAF1187FB4AAB1,David & Steve Gordon,United States
ARJ7NR71187FB437B7,Yank Rachell,United States
ARJ8YLL1187FB3CA93,Morton Gould,United States
ARJ8ZIQ1187FB3FB5A,Milo,United States
ARJA1841187FB3A029,David Bowie,United Kingdom
ARJANQY1187B9A82F7,Leana,United States
ARJAOPV1187B9A96D9,Javier Mendoza Band,United States
ARJDR071187B98CBBB,Barbara Carr,United States
ARJDWAF122ECCBD2C9,Jah Legacy,France
ARJFOC01187FB413A5,Delbert McClinton,United States
ARJG2ID1187B9A767E,The Jam,United Kingdom
ARJH2E61187B9A1627,Clockwise,Canada
ARJIQLJ1187B998316,Long John Hunter,United States
ARJIWJH1187FB3F6B9,Elvin Bishop,United States
ARJJ8I01187FB4CE98,Joselito,Spain
ARJJGI41187B99C19B,Andréa,United Kingdom
ARJMW6Z1187B989C3C,Asha Puthli,India
ARJPUZC1187B99A8F6,Mike Brooks,Jamaica
ARJPZSG1187FB3E985,John Holt,Jamaica
ARJQ5JM1187FB486C7,James Blackwood with The Light Crust Doughboys,United States
ARJR7S11187FB36A2A,The Forms,United States
ARJRF841187B9B7F9A,Max Steiner,Austria
ARJTX7M1187FB4CED3,Be Bop Deluxe,United Kingdom
ARJUNZD1187B9A5DAE,Herb Alpert And The Tijuana Brass,United States
ARJV9031187B9AAFA1,Kyle Riabko,Canada
ARJVTRE1187B9959C0,Foghat,United States
ARJW7KB1187FB47C36,Olivia Ruiz,France
ARJWDVS11F4C8456F1,Angela Lashley,United States
ARK02331187B9A631E,Bambino_ Ivan Tirado,United States
ARK0TRD1187FB3BDE5,Bob Hope,United Kingdom
ARK2P961187B9AD524,Britny Fox,United States
ARK30AI1187FB3C777,Dive,United States
ARK3KQ41187B9A64F0,Ndala Kasheba,Tanzania
ARK7ZPW1187B99C170,Orchestra e Coro del Palacio de Bellas Artes Di Cittá del Messico_ Oliviero De Fabritiis_ Maria Call,United States
ARK82DC1187B9A1FEB,Gordon Jenkins,United States
ARK8EHO1187B9B71D1,Shamen,United Kingdom
ARK9TRQ1187B99C095,Nine Inch Nails,United States
ARKAUWC122988EDAD8,George Schuller,United States
ARKBCZ91187B98F486,Coco Montoya,United States
ARKBTAQ1187B9B4219,David Johansen,United States
ARKBTPV1187FB38A79,Faron Young,United States
ARKD9S41187B997CA6,Lorna,United Kingdom
ARKEFM61187B9A8202,Moon Mullican,United States
ARKETDZ1187B9B2566,Marlene Dietrich,Germany
ARKGGBJ122ECCBAC65,Arika Kane,United States
ARKKPRW1187FB4D81E,Equilibrium,United States
ARKKTIY11F4C845817,Chris Vickery,Canada
ARKL75U1187FB5B8B6,BoDeans,United States
ARKMIBT11F4C8430D9,The Antlers,United States
ARKON4P1187B98B291,Ron Goodwin,United Kingdom
ARKOVFX11EBCD75758,Terje Lie,United States
ARKPDFV1187B99804D,Jeanne Pruett,United States
ARKQ6QN1187B9B016D,Photek,United Kingdom
ARKQN8X1187B99221C,Joe Rogan,United States
ARKQQZA12086C116FC,B.o.B,United States
ARKRQSV1187B99FB13,Deborah Allen,United States
ARKRUIT11F50C4E6B1,Kooii,Australia
ARKSLFG1187B99DADD,The Keys,United Kingdom
ARKT5SH1187B9AE8BF,Murderdolls,United States
ARKU2GK1187B98C8AB,The Jason Bonham Band,United States
ARKU3Z61187FB51DCA,Rihanna,Barbados
ARKULSX1187FB45F84,Trafik,United States
ARKV9PA1187B9A6963,The Birds,United Kingdom
ARKVMRR122CC3B110A,The Booth Brothers,United States
ARKYI5T1187B99334F,Janet Paschal,United States
ARKZ68G1187B98B189,Gang Of Four,United Kingdom
ARKZT1W1187FB54EEA,Marilyn Scott,United States
ARL3VGT1187FB40E8E,Los Fabulosos Cadillacs,Argentina
ARL3X871187B996C0C,Lacy J. Dalton,United States
ARL43EQ1187FB4D5EC,Throw The Fight,United States
ARLB7A11187B9A331A,Al Rapone,United States
ARLBXGO11F4C83E520,Inspector 9,United States
ARLDW2Y1187B9B544F,Tommy James & The Shondells,United States
ARLDW6Z1187FB3F2A0,Abraham Laboriel,Mexico
ARLEYVQ122C86774EB,Billy Price_ Fred Chapellier,United States
ARLGUTA1187B9B605F,Terror Squad featuring Big Pun,United States
ARLGWFM1187FB4AC9F,Scarlet's Remains,United States
ARLH4CH11C8A4173EC,Creedence Clearwater Revived,Italy
ARLI9NJ1187B9911FB,Vodka Collins,Japan
ARLIIVS1187FB5583B,Philip Glass,United States
ARLJIGA122C849866D,Hot Live Guys,Canada
ARLJWTL1187B98C0DE,Modern Lovers,United States
ARLLRL61187B9B6698,The Sonics,United States
ARLMRES11F4C83E1E1,Barbara Lusch,United States
ARLNMEP11C8A41519E,Rockabye Baby!,United States
ARLNSD41187FB4D9A0,Sergio Franchi,Italy
ARLPXQE1187B99066C,Bonita & Jerry Cormier,Indonesia
ARLQ5EV1187FB4491D,Don Francisco,United States
ARLR9U31187B9A71AD,The Stooges,United States
ARLRHRM11E2835E415,Mandi,United Kingdom
ARLSGLC1187B9A969B,Vana,South Africa
ARLSGUY1187B98AEBC,Crabby Appleton,United States
ARLTWXK1187FB5A3F8,King Curtis with Jack Dupree,United States
ARLTX751187B9A1828,Frederick Knight,United States
ARLV8S31187B988B71,Georges Brassens,France
ARLWR721187B9A03C9,T.G.Sheppard,United States
ARLZ2LD1187B9B17FD,Emilia,United States
ARLZ3CF1187B98BD56,Daryl Coley,United States
ARLZLMN1187B9AD1CB,The Cars,United States
ARLZN951187FB42E49,Tad,United States
ARM0RY81187B9AF248,Jerry Goldsmith,United States
ARM3QKQ1187FB421E0,Willy DeVille,United States
ARM4J201187B9B8B3B,Gustavo Santaolalla,Argentina
ARM5JLS1187FB3615B,Tammy Wynette,United States
ARM7UY51187B993E17,Eddie Palmieri,United States
ARM8EYV1187B9B144D,Misty Roses,United Kingdom
ARM9D241187FB4DB7D,Marygold,Italy
ARM9Q581187B98E984,Kinky,Mexico
ARM9QAE1187B9AF687,Shaman,Brazil
ARMAC4T1187FB3FA4C,The Dillinger Escape Plan,United States
ARMAPSZ11F50C48146,Hollowtip,United States
ARMB95F1187B9B5B93,Cam'Ron / Juelz Santana,United States
ARMBDNQ1187FB3F3EC,Arthur Tracy,Moldova
ARMBR4Y1187B9990EB,David Martin,United States
ARMDBW21187FB37126,Grandmaster Flash,United States
ARMEYJD1187B9A4522,Daughters,United States
ARMG34A1187FB548A8,Thomas Dolby,Egypt
ARMGJ1W1187FB53EEC,Unison,United States
ARMJAGH1187FB546F3,The Box Tops,United States
ARMKO9M1187B9B0848,Theodis Ealey,United States
ARMM7T01187B9B31E0,Frank Caliendo,United States
ARMOE2A1187B991F89,Liquid Spill,Germany
ARMOHN71187FB3959F,Atreyu,United States
ARMORUX11F50C4EEBF,Terry Muska,United States
ARMPRI31187FB4F7D9,Vangelis,Greece
ARMQ32V1187B9999F3,Norrie Paramor,United Kingdom
ARMRCET1187FB52049,Fergie,United States
ARMRQF21187FB54D89,Kanda Bongo Man,Democratic Republic of the Congo
ARMSW7X1187FB5B504,Dave Eggar,United States
ARMT23H1187B995083,Emilio,United States
ARMTE8E1187FB5ACC2,Johnny Copeland,United States
ARMVRLO11F4C846488,The Villas,United States
ARMW4I01187B98AEF8,Tha Alkaholiks,United States
ARMX0GY1187B98B62E,Lynn August,United States
ARMYPSO11F50C49252,Dictators,United States
ARMZJIZ1241B9CA2DB,The Jane Shermans,United States
ARMZSTW1187B99DC0D,Jericho,Canada
ARN0NCG1187B9911A9,Vincenzo,France
ARN1J741187B99EFB9,Cross Country,United States
ARN1SGT1187B9AC5A4,Inner Circle,Jamaica
ARN2C4X1187B9B363C,Jack Off Jill,United States
ARN2ZKL1187FB3972B,The Distillers,United States
ARN5NHX1187FB4F755,The Smashing Pumpkins,United States
ARN6EWN1187B9A4600,Jimmy Wyble,United States
ARN6M7I1187FB4DEAF,A Skylit Drive,United States
ARN8NCB1187FB49652,Lionel Rogg,Switzerland
ARN9GBH1187FB3FEF9,Leo Gandelman,Brazil
ARNBFWO1187FB4D1DD,William Coulter,United States
ARNBIUE1187FB3E846,Benga,United Kingdom
ARNBXZH122988F2C16,Ambient Music Therapy,United States
ARNDB1X1187B990AA0,Suicidal Tendencies,United States
ARNDBEM1187B9A2918,Turisas,Finland
ARNDHMV1241B9C870B,Pantanito,Spain
ARNE16X1187B9B2DEE,Jimmy Cliff,Jamaica
ARNEL2O1187FB4421A,Bukka White,United States
ARNF6401187FB57032,Sophie B. Hawkins,United States
ARNFLMN1187FB50BB3,Chroma Key,Canada
ARNFTGS1187B9A465F,Circle Jerks,United States
ARNHJHU1187B98F79C,Nightfall,Colombia
ARNHMFD1187FB3B3F6,LL Cool J / Freeway,United States
ARNI9J91187B9ACFCD,The Primitives,United Kingdom
ARNILB71187B99EC88,Billy Higgins_ Bob Berg_ Cedar Walton_ Tony Dumas,United States
ARNITNO1187FB555D3,Arturo Sandoval,Cuba
ARNJVSL1187B99AFD4,2raumwohnung,Germany
ARNLE621187B98ECB5,Mannheim Steamroller,United States
ARNLOIO11F4C841019,Isaacs,United States
ARNMHWR11F4C83B384,Kingston Trio,United States
ARNMUMC1187B9A7A38,Tigerstyle,United Kingdom
ARNMWP51187FB3E963,Curtis Mayfield,United States
ARNNBW81187FB55594,We Show Up On Radar,United Kingdom
ARNNHLN1187FB42912,Yahir,Mexico
ARNNKDK1187B98BBD5,Jinx,Croatia
ARNNPJM1187FB3DB37,Oscar Pettiford,United States
ARNNQBT1187FB437C1,Belphegor,United States
ARNPPTH1187B9AD429,Jimmy Page / Robert Plant,United Kingdom
ARNSAEA1187B9B908E,Cheo Feliciano,Puerto Rico
ARNUFGE1187B9B7881,THE CHIFFONS,United States
ARNVH8S1187FB52F86,Heavy D / McGruff,Jamaica
ARNZNFW122BCFCAB3B,Ino,Canada
ARO0QD41187FB3AB0A,Keb'Mo',United States
ARO1D981187B9A0D24,Al Duvall,United States
ARO2PB81187B98EB4A,Lari White,United States
ARO32TC1187FB39461,Chico,United States
ARO4H5M1187FB4384D,Adrenaline,United States
ARO5T1P1187B9AC680,Lou Reed,United States
ARO7FES1187B9A59BE,M.I.K.E.,United States
ARO89GU1187B98ADA2,Reni,United Kingdom
ARO9XCZ1187B99C255,Nolwenn Leroy,France
AROATPL1187FB48E12,UFO,United States
AROBI4X1187B99550D,Ed Bruce,United States
AROBQ0B1187FB404F6,Walter Jackson,United States
AROBVNV1187FB3F36C,Joey McIntyre,United States
AROCP781187B98E2A3,Tim Hughes,Canada
AROF4LP1187FB41C51,Selena,United States
AROF8OV1187FB55B85,Pelle Carlberg,Sweden
AROGO6K1187B992A39,Electrostatic,United States
AROI2SN1187B98E9FD,Kokane,United States
AROIL3N1187B9A9975,BLEED THE SKY,United States
AROJ4RQ1187FB50102,Pinch feat. Rudey Lee,United States
AROJAG11187B9B71A3,The Chap,United Kingdom
AROKDJ41187B9A7700,Mindless Self Indulgence,United States
AROLZEM1187B9A805E,Ashes to Ashes,Kingdom of Norway
AROMB601187B991317,Mae West,United States
AROMMO41187B99F8FF,Jeff Wahl,United States
ARON0YP1187FB4B465,Fiona,United States
ARONPP01187B995FB5,Cockney Rejects,United Kingdom
AROOKC21187B9AE85C,Missy Higgins,Australia
AROPBVQ1187FB36581,Khold,Kingdom of Norway
ARORFIN1187FB3BE5C,Danielle Bollinger,United States
AROSGVP1187B9B011F,The Clancy Brothers;Tommy Makem,Ireland
AROUOZZ1187B9ABE51,Willie Bobo,United States
AROVJWM1187B98E649,Hot Club Of Cowtown,Australia
AROVY9L1187FB3A97C,George Hamilton IV,United States
AROZFLY11F50C4F54F,Rainforest Trio,United States
ARP06GY1187B98B0F0,Yami Bolo,United States
ARP23RL1187FB497FE,Ernest Ranglin / Floyd Lloyd,Jamaica
ARP2TO91187B9913EA,Angélica María,United States
ARP32X81187B99EBF5,Vanessa Bell Armstrong,United States
ARP5MSK1187B99A54C,Jimmy Burns,United States
ARP5P651187FB5397F,Jimmie Davis,United States
ARP96FM1187B9AEA77,Semisonic,United States
ARPAAHK1187B9ABB00,Nickelback,Canada
ARPAL0H1187B990A8E,Nana Mouskouri,Greece
ARPATQ21187B9ACAFC,Happy Mondays,United Kingdom
ARPBNLO1187FB3D52F,Tiny Tim,United States
ARPC5161187B9AF35C,John Cephas & Phil Wiggins,United States
ARPCDZM1187B996876,Dyango,United States
ARPEJMN11F4C84080E,New Roanoke Jug Band,United States
ARPEPWU1187FB55B71,Limbonic Art,Kingdom of Norway
ARPEUYM1187FB4A97A,Slim Harpo,United States
ARPFHN61187FB575F6,Lupe Fiasco,United States
ARPFKK81187B99878D,Tex Williams,United States
ARPGPI81187B98AEEA,Chaotica,United States
ARPGT071187B9A6512,Guitar Shorty,United States
ARPGYM11187FB4B1E1,Owsley,United States
ARPH0O91187B99706D,Taste,Ireland
ARPHDQC11EBCD7802B,Sara Melson,United States
ARPISA41187FB3DE42,Humble Pie,United Kingdom
ARPJNT81187B98AD36,Sylvester Weaver,United States
ARPJTI51187B9B45FB,Billie Ray Martin Feat. Ann Peebles,Germany
ARPKATM1187B9B76E6,Hatebreed (int License),United States
ARPKK761187FB4D53C,The Ataris,United States
ARPKLK81187FB42AC9,Death SS,Italy
ARPN0NC1187B991591,Guitar Slim,United States
ARPOQKS1187B988FE2,Ed Calle,United States
ARPOV8N1187FB4D78F,Jimmy Nelson,United States
ARPQ4Z01187FB3A736,Butthole Surfers,United States
ARPRQSD12086C16679,The Incurables,United States
ARPU5CQ1187FB4469F,Art Ensemble Of Chicago,United States
ARPUBU61187B98A4E6,John Mayall,United Kingdom
ARPXDY61187B9AD0A8,Clannad,Ireland
ARPYIBX1187B9B113E,At The Gates,Sweden
ARPZIIA1187FB4CB9F,Eldar,United States
ARQ05GM1187B990512,A Static Lullaby,United States
ARQ0BG21187B99ED8F,Mush,Switzerland
ARQ0HOT1187B9A25FA,Mistress,United States
ARQ6DNW1187FB4DF1D,Deborah Coleman,United States
ARQ76LG1187B9ACD84,Black Flag,United States
ARQ91R31187FB38A88,Grandpa Jones,United States
ARQ9BO41187FB5CF1F,John Davis,United States
ARQATWU1187B98EE26,Ill Nino,United States
ARQCHDN1187FB4C7C2,Luiz Bonfa,Brazil
ARQDHPO1187B9A9F7C,Anthony Watson,United States
ARQDONM1187B9BA1AD,Junior Parker,United States
ARQESNI1187FB511EE,Morel,United States
ARQFPCY1187FB552CE,Sapo,United States
ARQFPFK1187FB533E1,Roger McGuinn,United States
ARQGYP71187FB44566,Jimmy Wakely,United States
ARQHJLT11F50C4C101,Bomb Squad,United States
ARQI60P1187FB464C9,The Ocean,Canada
ARQIB731187FB3BE17,Arthur Fiedler;Earl Wild;Pasquale Cardillo,United States
ARQIWOW11F4C840FF1,Cumberland Quartet,United States
ARQJBXN1187B9B11D9,Thirst,United Kingdom
ARQL2SZ1187B99244B,Nic Endo,United States
ARQMTJR1187FB42BB5,Mr Brown,United States
ARQMYTM1187FB4678C,Josh White,United States
ARQOC971187B9910FA,The Verve Pipe,United States
ARQQARA1187FB3F2AB,Lester Bowie,United States
ARQQP3Z1187FB5707B,Bert Kaempfert,Germany
ARQUMH41187B9AF699,Linkin Park,United States
ARQVC1L1187FB440DE,Brian Littrell,United States
ARQXAUH1187B9BA010,Bobbie Gentry,United States
ARQXJW51187B9AEE27,Since The Flood,United States
ARQXM2T1187B98FF32,Sonny James,United States
ARQZRQ11187B9A5918,John P. Kee,United States
ARR035B1187B99EF11,Leeroy Stagger,Canada
ARR3ONV1187B9A2F59,Muse,United Kingdom
ARR40ZV1187B9A10A8,Stern,United States
ARR575U1187B98FB97,The Perrys,United States
ARR7YYN1187FB5C015,Pee Wee Crayton,United States
ARR8AIK1187B9A0BCE,Eddie Boyd,United States
ARR9XHK1187FB3894D,Leila Chicot,France
ARRBINW1187B98AE6D,Marcie Blane,United States
ARRC2JF1187B9B6A93,Bruce Rowland,Australia
ARRCKE61187B99377F,Janice Robinson,United States
ARRDGGE11F4C843F32,Farlow-Kirch Band,United States
ARRDRI71187FB46EAA,Grizzly Bear,United States
ARRE5MX1187B992292,Frankie Negron,United States
ARRGJY81187B9B2878,J-MACK,United States
ARRH2S81187B98C8AA,Bongzilla,United States
ARRHLSD11F4C845076,Freddie Roulette,United States
ARRHVGT1187B98D603,Dynamite Deluxe,Germany
ARRHXNC1187B98C169,Melatonin,Kingdom of Norway
ARRO4O51187B993066,Legion Of Green Men,Canada
ARROLGK1187FB5738D,The Advantage,United States
ARROUEA1187FB4AA0F,Atom,United States
ARRP4SJ11C8A414CFA,From Dying Skies,France
ARRPCKN1187FB5BA2F,Z.Z. Hill,United States
ARRR4Y81187FB524CE,Lonnie Brooks,United States
ARRRVMG1187FB532AC,Radney Foster,United States
ARRSIQ11187B98F216,Kevin Max,United States
ARRTQ3Y1187B9AC835,Scott Weiland,United States
ARRU9GR1187FB43F56,Blind Willie McTell,United States
ARRVGAX1187FB4D745,Little Eva,United States
ARRVIZY1187FB41246,California Oranges,United States
ARRVUWA1187B9A0FE2,Orquesta Aragón,Cuba
ARRW6DJ1187FB50A67,Pacha Massive,United States
ARRWAD71187FB3FE44,Martha Wainwright,United States
ARRWDU31187B9B5656,Jimmy McCracklin,United States
ARRWQW61187FB5B301,Lou Ann Barton,United States
ARRX4FO1187FB58DD6,Jackie Davis,United States
ARRXEJJ11F4C841087,The Paynes,United States
ARRYTVF1187FB4A460,Click / Click_ M_Ferri,United States
ARRZFUG1187B98AD42,Ray Pillow,United States
ARRZNBD122C867517B,Los Cumbieros Del Sur,Mexico
ARS10A81187B9B6E16,Art Ensemble Of Chicago,United States
ARS5Z5P1187FB3F325,Sex Machine ft. Shèna,United States
ARS6L1E1187FB585B6,Karlheinz Stockhausen,Germany
ARS755J1187B9920C6,Assassin,United States
ARS7E2E1187FB361BC,Mayday,United States
ARS7WBX1187B98CA38,Buffalo Nickel Band,United States
ARS8HNI1187B9B0785,Cachao,Cuba
ARS8KBY1187FB4BC7E,Kurupt_ Rosco_ Jayo Felony & 40 Glocc,United States
ARS8VY21187B990549,Ray Boltz & Steve Millikan,United States
ARS94L01187B9AD297,Nerf Herder,United States
ARSAJKR1187FB4C5DC,Kim Wilson,United States
ARSC6WR1187FB40B18,Peggy Lee,United States
ARSCLMG1187FB3CEE4,HardNox,United States
ARSDFYB11F50C4F736,The Cutting Edge,United States
ARSDSMG1187B98CB59,Eddie Cantor,United States
ARSE6YI1187B9B9CD2,James Hunter,United States
ARSEUOO1187B999569,Adolph Hofner,United States
ARSGZ3J1187FB3E610,Shelley Fabares,United States
ARSKPIJ11F50C50608,Marquez the Greatest,United States
ARSL5SP1187B9A7AE0,N.W.A.,United States
ARSPC9J1187B9A7EA1,Ghetto Mafia,United States
ARSPIHU1187B99DDD8,Protein,United States
ARSPQ0H1187B999944,Eric Burdon,United Kingdom
ARSRFOY1187B9917DA,Otis Taylor,United States
ARSS4Y41187B9B0AC6,Bobaflex,United States
ARSSR8L1187B990BC5,Joey Negro,United Kingdom
ARSTA431187B9A3599,Dennis Brown,Jamaica
ARSWXNX1187FB3D04E,Chango Spasiuk,Argentina
ARSX3I61187B98FAC7,Frank Stokes,United States
ARSX6IX1187B9B640C,Big Star,United States
ARSYOWS1187FB41157,The Rascals,United States
ART09111187FB5BF48,Ty Herndon;Stephanie Bentley,United States
ART3O5Z1187B9AB043,Stevie Ray Vaughan And Double Trouble,United States
ART4EPR1187FB38772,Malcolm McLaren,United Kingdom
ART59BB1187FB3866E,Through the Eyes of the Dead,United States
ART70HI1187B9A37BC,Elmore James,United States
ART9Z1P1187FB36C94,Edmundo Ros,Venezuela
ARTB5PP1187FB523B7,Donny Hathaway,United States
ARTBFV61187FB3C250,Johnny Horton,United States
ARTC5DW1187B98FCF2,Plump DJs,United Kingdom
ARTDBI61187FB48479,Marvin Sapp,United States
ARTDUXM1187B9899ED,Charley Patton,United States
ARTE3P61187B9A709D,Roger Williams,United States
ARTE6AQ1187B9B2826,The High Strung,United States
ARTHIJ41187FB57411,Princess Lover,Martinique
ARTHKHA1187FB3996A,PMD,United States
ARTHWIZ1187FB4258D,Frank Ifield,United Kingdom
ARTIGQM1187B98D1F2,Ray Davies,United Kingdom
ARTJ9GZ1187B9B46DE,Young-Holt Unlimited,United States
ARTO9UO1187B9B2D47,Mystery,United States
ARTOC971187FB37592,Lord Sterling,United States
ARTQ0WY1187B98A7B0,Harry Lauder,United Kingdom
ARTQZKW11EB9C80B4C,Neema,Canada
ARTR7971187FB4CF69,Rocket From The Tombs,United States
ARTT43U1187B9A9E9B,Shelby Flint,United States
ARTUXSS1187FB4BD20,Doc Pomus,United States
ARTVBNL1187FB52DF3,Grupo Batuque,Brazil
ARTX57T1187B98F34B,Mikey General,Jamaica
ARTXEZN1187B9B8190,Agnes,Sweden
ARTXGGI1187B9B3D58,Blackalicious,United States
ARTXJFJ1241B9C55EF,Karnig Sarkissian,United States
ARTYGL51187B98F9D3,K.T. Oslin,United States
ARTYIAO11F4C83EE8E,Dan Moretti,United States
ARTZXUP11F4C83D65B,Crystals,Nigeria
ARU0HTX1187B98B4C6,Lisa Lynne,United States
ARU230L1187FB4642F,Walter Hawkins,United States
ARU24791187B996E24,Prisma,Switzerland
ARU2I2B1187FB472E8,Moros Eros,United States
ARU34651187B99A264,Michal,United States
ARU3YYC1187FB43FEE,Luis Alberto Spinetta,Argentina
ARU5CP31187FB44C3A,Beth Nielsen Chapman,United States
ARU81FP1187B98C71E,Big Maybelle,United States
ARU868Z1187FB47319,Wonderland,United States
ARU9Q5Q1187FB3D6EB,Bobby Hutcherson,United States
ARUABHE1187B9AF820,Way Out West,United Kingdom
ARUAKAN1187FB48204,Walter Trout,United States
ARUDY181187B9B5F49,Charlie Walker,United States
ARUDYKB11F4C83C269,Lil Wayne,United States
ARUEYGC1187FB3D94B,The Chi-Lites,United States
ARUF71J1187FB511C1,Boots Randolph,United States
ARUFCZ41187B9A868E,Passion,United States
ARUFRGT1187B98ED43,Leo Dan,Argentina
ARUG6DV1187B992475,Willie Clayton,United States
ARUGU0E1187B9B30F6,The Doors,United States
ARUGX5X1187FB468C4,Dino,United States
ARUHT3M1187FB44FB4,Delirious,United States
ARUHX3U1187FB57A44,Janie Fricke,Canada
ARUHYH21187B98BA89,The Tragically Hip,Canada
ARUIRXF1187FB45BC6,JK,United States
ARUKNSS1187FB435E3,Bobby Broom,United States
ARUL0VB1187B9A01AA,Cadacross,Finland
ARUME5Q1187B9B1AA7,Kristine W.,United States
ARUNHZF122988ED7DA,Lou Reid & Carolina,United States
ARUNYOW1187FB43F2A,Blind Boy Fuller,United States
ARUP5LV1187FB50BD8,Fuzz,United States
ARUQSEE1187B9983F8,Music Explosion,United States
ARUT16P1187FB532A4,Tyrone Davis,United States
ARUTEVU1187B9ACAF9,Lifehouse,United States
ARUUP4L1187B9B72EB,Diamanda Galas,United States
ARUVPCM1187FB5C281,Attack Attack,United States
ARUYGJ31187B9A2FEA,The Summer Obsession,United States
ARUZLXZ1187FB3BFF1,Wednesday 13,United States
ARUZS6L1187FB50A56,Dave Weckl,United States
ARV1ALU1187FB4D77E,Eighteen Visions,United States
ARV1JVD1187B9AD195,Loudon Wainwright III,United States
ARV21JS1187B99E516,Jerry Lewis,United States
ARV2F621187B993BF6,The Waybacks,United States
ARV2V751187FB4330F,Rah Digga (Featuring Outsidaz),United States
ARV2X851187FB41A78,Open Hand,United States
ARV33RQ1187B9A5734,Kate Maki,United States
ARV38M11187B99424D,Graham Central Station,United States
ARV4BPJ1187B99C978,Gail Davies,United States
ARV4KO21187FB38008,Del Tha Funkee Homosapien,United States
ARV57NY1187FB3C1DC,Tommy Castro,United States
ARV5O111187B9A3F3A,Carl Davis,United States
ARV8DLF1187B9A4C7C,The Mighty Clouds Of Joy,United States
ARVAE1F1187B994957,Gerald Veasley,United States
ARVBG53119B8668924,Sub Swara,United States
ARVBP9K1187FB48254,Cancer Bats,Canada
ARVBXZ01187B997092,Daniel Paul,United States
ARVCCEM11F4C83DD74,D.R.S.,United States
ARVCNOU1187FB4C6F0,Emit,United States
ARVDMV71187FB43A8F,David Palmer,United Kingdom
ARVEXQ51187B9B8237,The Funeral Pyre,United States
ARVEZFH1187B9A6F9C,Dominic,United States
ARVG8T61187FB440EB,Livingston Taylor,United States
ARVGPOM1187FB55737,Billy Butler,United States
ARVJ6541187B9A4C3E,Månegarm,Sweden
ARVJVFF1187B9B40D6,Al Di Meola,United States
ARVKT151187B9A181D,The Color Red,United States
ARVLMSG1187B98E07E,Dale Hawkins,United States
ARVML4B1187FB52324,Leroy Hutson,United States
ARVMZFK11F50C4A0D2,Tunsi,United States
ARVNDLR1187B99CA1B,Dolce; Orange Factory,United States
ARVNK831187FB48831,Shakedown,United States
ARVO6RD1187FB403CA,Annie Minogue Band,United States
ARVOWE21187FB3AE3C,Enuff Z Nuff,United States
ARVQ4QM1187B98AD95,Hank Penny,United States
ARVQ7I31187B9B64C9,Vonray,United States
ARVQTZP1187FB40283,Constance Demby,United States
ARVSDB11187FB4270B,The Creation,United Kingdom
ARVTGUZ1187B9AA3DA,No Address,United States
ARVVSJC1187FB3A637,Rob Mullins,United States
ARVXKTV1187FB44139,Arsonists Get All The Girls,United States
ARVZWQ31187B9B8946,Liars,United States
ARW2DG51187B9A170F,Ana Popovic,Serbia
ARW2Y3Q1187FB38020,The Sterns,United States
ARW3V6T1187B9ACAC4,Miossec,France
ARW45K91187FB3DE04,Tommy Makem;The Clancy Brothers,United States
ARW4AGO1187FB4F107,Jazz Gillum,United States
ARW4ZCO1187B9B22D3,AFS,United Kingdom
ARW5IF01187B9AEA98,Sugar Ray,United States
ARW63KF1187B98AC48,Julien Clerc,France
ARW6LIW1187B9966CD,JERRY WALLACE,United States
ARW86ZJ11A348EFE7F,Edgar De L'est,France
ARW9FP41187B98C2A7,Annie Lennox,United Kingdom
ARW9LQ31187FB4336D,Drop Dead_ Gorgeous,United States
ARWA6NT1187FB3F15C,The Cure,United Kingdom
ARWADDH1187B98FDBB,Home Town Hero,United States
ARWBAI21187B991E2E,Tommy Sands,United States
ARWBN9B1187B988B95,Eberhard Weber,Germany
ARWBYIR11F4C83B3FE,Double Image,United States
ARWC3XN1187B9A8D82,ZO2,United States
ARWC6LA1187B9B2096,Ian Moore,United States
ARWDEEB11E2835E73C,Faces,United Kingdom
ARWEM1D1187FB4077B,Sonny Landreth,United Kingdom
ARWEPRZ1187FB4E2BB,Gabriela Anders,United States
ARWGIOC1187FB4CBEF,Jim Chappell,United States
ARWGY6U1187B98B228,Orquesta Sublime,Cuba
ARWHM281187FB3D381,Souls Of Mischief,United States
ARWI6LR1187FB46E9F,Richard Galliano,France
ARWIMT21187B9B5AEC,Joe Turner_ Joe Houston_ L. C. Williams,United States
ARWJAQ81187FB46F73,Negura Bunget,Romania
ARWJHW61187B98FA8E,Papa Wemba,Democratic Republic of the Congo
ARWLV931187B9B0F5A,Evergreen Terrace,United States
ARWMZYB1187FB480A7,Aftermath,Colombia
ARWNRBH1187B9B7E68,Philippe Sarde,France
ARWONOR1187FB3817C,Geddy Lee,Canada
ARWPHQB11F4C83B42B,Stickboy,United States
ARWPYQI1187FB4D55A,Rick Astley,United Kingdom
ARWQ2DR1187B98FF28,Ma Rainey,United States
ARWQ3M31187FB4CF01,ARRESTED DEVELOPMENT,United States
ARWQ3W11187FB3F35E,Eleanor McEvoy,Ireland
ARWSMC91187B9AD369,Helen Love,United Kingdom
ARWTWYV1187B996D8B,Pelt,Jamaica
ARWUK9L11C8A42C37B,Workhorse,United States
ARWV4FQ11C8A42ABCE,Dhamika,Sweden
ARWVMJA1187B98AA6E,Nancy Walker,United States
ARWX5TK1187FB4CDBE,The Who,United Kingdom
ARWXJTT1187FB509FD,Epidemic,United Kingdom
ARWY7I71187FB36C3D,Lesley Gore,United States
ARWYDXE12420780913,Baby Grand,United States
ARWYVP51187B98C516,The Suicide Machines,United States
ARWZE8O1187B9B8480,Elmer Bernstein,United States
ARWZSFC1187FB567BF,Eddie Money,United States
ARX0IEI1187FB4FF4B,Circular,Kingdom of Norway
ARX0X2D1187B99F515,HA-ASH,United States
ARX14WH1187FB50649,Babe Ruth,United Kingdom
ARX2R5A1187FB5B85B,Ann Nesby,United States
ARX4D1E1187B9A9C4D,Carman featuring Commissioned & The Christ Church Choir,United States
ARX6TAQ11C8A415850,Lady GaGa,United States
ARX8PZU1187B9AA7E2,Mighty Joe Young,United States
ARXAHU31187B9B1520,Vex'd,United Kingdom
ARXALW01187FB4B466,Sylvia Tosun,United States
ARXBM4N1187B98ECA5,Cyril Pahinui,United States
ARXBOZ01187FB38261,Howie Day,United States
ARXBPW31187FB4D335,Cargo Cult,United Kingdom
ARXBXVM11E9057944C,NewFound Road,United States
ARXCUQE1187B9ADD91,Pee Wee King,United States
ARXDDH31187FB3DF1C,Barbara Lynn,United States
ARXDQJB1187FB57154,Faithless,United Kingdom
ARXFAOQ1187B9A3616,Dave And Ansel Collins,Jamaica
ARXFWVC1187B98ED6B,Jude Cole,United States
ARXG6L11187FB5695E,SWAMI featuring Asuivre,United Kingdom
ARXGICZ1187FB444DD,The Merry Macs,United States
ARXHDZ81187FB43F80,Adrienne Pierce,Canada
ARXHFWE1187FB410A9,Oh No,United States
ARXI7WU1187FB4D75E,Tinariwen,Mali
ARXICPY122CC3B292D,Tanika Turner,United States
ARXIIEY1187FB44EAF,Nights Like These,United States
ARXIPJZ1241B9C818F,Jennifer Clarke,Ireland
ARXJSHW1187B9A2A52,Nestor Torres,United States
ARXK4YK1187FB4D0C4,Dub Pistols feat. TK & JMS,United Kingdom
ARXK4ZA1187B99753A,Malina,Italy
ARXK6E71187FB4AA1E,The Cliks,Canada
ARXKPYC11E2835E356,Lot Lorien,Bulgaria
ARXLOGT1187FB45068,Jennifer Brown,United States
ARXOUML1187FB48ACB,Patrick Lamb,United States
ARXP9GE1187FB3ED0E,Becky Baeling,United States
ARXPDRB1187B9AD0B1,Patti Smith,United States
ARXQZPD122988F57B8,Molesta Ewenement,Poland
ARXR2N11187B99857E,Hotwire,United States
ARXRMXD12086C1309C,Jean-michel Rotin,France
ARXRVY51187B99E98E,Jim Bryson,Canada
ARXSABR11E8A2E29BF,Pictures of Then,United States
ARXSPYZ1187B98972A,Carl Belew,United States
ARXWBYG1241B9CE962,Jenney,Sweden
ARXXCHI1241B9C54EE,Lockwood,United States
ARXZIHJ1187B9A4ED9,Ray Conniff,United States
ARXZP9T1187FB4565D,Willie Clancy,Ireland
ARY0W1O1187FB5B8C0,H-Town,United States
ARY1QJF1187B98EF3F,Kathleen Madigan,United States
ARY1VGA1187FB5A39E,Tom Cochrane,Canada
ARY2ZUX1187B9A266C,Miguel Migs,United States
ARY4M3J1187B9AC94C,John Sebastian,United Kingdom
ARY4N501187B9A5DE9,The Ghost Of Lemora,United Kingdom
ARY53RR1187B9AE485,Avril Lavigne,Canada
ARY6EBA1187B9AD525,Bill Perry,United States
ARY80281187FB3E380,Sandi Thom,United Kingdom
ARY8LJ11187FB4019B,Floyd Cramer,Afghanistan
ARYA9ZH119B8668A81,Our Time Down Here,United Kingdom
ARYAYLS1241B9C5ED0,Kamelo Punto Semos,Spain
ARYBP3U1187B9B3A4C,Sensations,United States
ARYBUAO1187FB3F4EB,Gene Chandler,United States
ARYC4561187FB4F2B1,Chatelaine,United Kingdom
ARYCKB61187B998E70,Debra Laws,United States
ARYCP7D1187B99516B,Pat Travers,Canada
ARYCQBH1187B9B1BE4,Metsatöll,Estonia
ARYEPGU11F4C840A70,The Tall Grass,Canada
ARYFAT91187B99FEF5,Tigertailz,United Kingdom
ARYFXQ21187FB4DAEF,Poncho Sanchez,United States
ARYHPHB12131B4B793,Peppermint Creeps,United States
ARYHTAK11F50C4A2FB,Ray Sandoval,United States
ARYI8NC1187B994FE9,Venice,United States
ARYIQQN1187FB55196,Blessid Union Of Souls,United States
ARYISOC1187B9998F1,Choir & Great Symphony Orchestra of the All-Union Radio_ N. Shpiller_ S. Krassovsky_ V. Gagarina & N,United States
ARYJ6RP1187B9B3827,Cindy Morgan,United States
ARYNSN31187FB4C573,Bizzy Bone Presents,United States
ARYNX5Z1187B999686,Paul Carrack,United Kingdom
ARYOBYD1241B9C87F8,Dabbler,Canada
ARYOJU01187FB3BC44,Jeckyll & Hyde,The Netherlands
ARYOPH81187B98AEED,Converge,United States
ARYORUX11F4C846890,Perfection,Sweden
ARYOW7G1187FB373D0,Marc Broussard,United States
ARYPWUK1187B98ACED,Emperor,Kingdom of Norway
ARYQ8281187FB58C34,Royal S,Switzerland
ARYSHWJ1187B9AD2D0,Moist,Canada
ARYT3BY1187B98C20E,Ed Ames,United States
ARYTJPJ1187FB4ABCC,Cliff Edwards/Disney Studio Chorus,Canada
ARYVLXY1187FB373B0,Maurane / Lara Fabian,Belgium
ARYW3V11187B99C8C9,Georgia Satellites,United States
ARYWZLP1187FB4F7D3,Vincenzo Bellini,Italy
ARYXELS1187B9A5991,Albert Ayler,United States
ARYXGST1187B991071,Uman,Belgium
ARYXJ5A1187B9B9E56,Kiril Valeri,Spain
ARYYCVC1187B9A8510,Bessie Smith,United States
ARYZ1NG1187FB3FD40,Cool cavemen,France
ARYZQIU1187FB4BBF8,Louie Ramirez,United States
ARYZX981187B9A995B,Zachary Richard,United States
ARZ02US1187FB430BD,Virus,United Kingdom
ARZ05QG1187FB3843E,Byther Smith,United States
ARZ185I1187FB5B8C5,Jonn Serrie,United States
ARZ1PTN1187B9967D9,Gene Autry,United States
ARZ1YNY1187B9B673A,Carolyn Arends,Canada
ARZ3E3Z1187FB43F7C,Daniel Kobialka,United States
ARZ4F9B1187FB3C979,Steve Porter,United Kingdom
ARZ5T871187B9A03F3,Stargarden,United States
ARZ7IH41187FB3B8F5,Leaders Of The New School,United States
ARZ7OD71187B9940A7,Los Muñequitos De Matanzas,United States
ARZ8MVL1187FB41D17,Shout Out Out Out Out,South Korea
ARZ8S071187B993849,Tito Rodriguez,Puerto Rico
ARZ96PB1187B98F5C9,Jars Of Clay,United States
ARZAEIP12086C12905,Gruppo Jazz Marca,United Kingdom
ARZAJ9C1187B9A21F4,Unkle Bob,United Kingdom
ARZBYDY1187FB46DD7,Cali,France
ARZCXO91187FB53708,Justin,United States
ARZDYBC1187B9A3142,The Cate Brothers,United States
ARZEA421187FB5B5BA,Lee Michaels,United States
ARZEWUR1187FB53DC8,Enthroned,Belgium
ARZH0R61187FB422AE,Fontella Bass,United States
ARZHLNX1187FB4B8E7,Ladybug,United States
ARZHXR61187FB3D065,The Family Stand,United States
ARZI4B31187B991125,SAF,Belgium
ARZJKZR1187FB3EFC2,Big Mama Thornton with Kansas Bill and his Orchestra,United States
ARZKUQF11F4C8456E8,The Moody Blues,United Kingdom
ARZL6CE1187FB3F264,Mindy McCready,United States
ARZMWNY1187B99EBF1,Paul Geremia,United States
ARZO73F1187FB4BF23,Bill Cosby,United States
ARZP2M21187FB59C63,Dons,United States
ARZQ6SW1187B9AD3E2,Antigone Rising,United States
ARZQM8D1187FB438CC,Herbst9_ Z'ev,Denmark
ARZSFIJ1187B98B8BC,Warner mack,United States
ARZTGQE1187FB461D9,Ideal,United States
ARZU9NI1187B9AEE08,Babylon Disco,Sweden
ARZVEF91187B9AC770,Elliot Goldenthal,United States
ARZVTZN1187FB579D4,Jim Reeves,United States
ARZWAHK119B8668273,Martriden,United States
ARZXVY01187B9972EC,Davol,United States
ARZY28S1187FB40BAB,Taboo,South Africa
ARZYPLF1187FB45B9B,Rooney,United States
ARZZRK91187B9A5CA5,Delroy Wilson,Jamaica
